ASIN,date
B0007T5JCI,2025-04-28
B0007T5JCI,2025-05-26
B0007T5JCI,2025-06-23
B0007T5JCI,2025-07-21
B0007T5JCI,2025-08-18
B0007T5JCI,2025-09-15
B0007T5JCI,2025-10-13
B0007T5JCI,2025-11-10
B0007T5JCI,2025-12-08
B0007T5JCI,2026-01-05
B0007T5JCI,2026-02-02
B0007T5JCI,2026-03-02
B000EP6HS0,2025-04-28
B000EP6HS0,2025-05-26
B000EP6HS0,2025-06-23
B000EP6HS0,2025-07-21
B000EP6HS0,2025-08-18
B000EP6HS0,2025-09-15
B000EP6HS0,2025-10-13
B000EP6HS0,2025-11-10
B000EP6HS0,2025-12-08
B000EP6HS0,2026-01-05
B000EP6HS0,2026-02-02
B000EP6HS0,2026-03-02
B00487O4LW,2025-04-28
B00487O4LW,2025-05-26
B00487O4LW,2025-06-23
B00487O4LW,2025-07-21
B00487O4LW,2025-08-18
B00487O4LW,2025-09-15
B00487O4LW,2025-10-13
B00487O4LW,2025-11-10
B00487O4LW,2025-12-08
B00487O4LW,2026-01-05
B00487O4LW,2026-02-02
B00487O4LW,2026-03-02
B0051NGG8Q,2025-04-28
B0051NGG8Q,2025-05-26
B0051NGG8Q,2025-06-23
B0051NGG8Q,2025-07-21
B0051NGG8Q,2025-08-18
B0051NGG8Q,2025-09-15
B0051NGG8Q,2025-10-13
B0051NGG8Q,2025-11-10
B0051NGG8Q,2025-12-08
B0051NGG8Q,2026-01-05
B0051NGG8Q,2026-02-02
B0051NGG8Q,2026-03-02
B00598HKTC,2025-04-28
B00598HKTC,2025-05-26
B00598HKTC,2025-06-23
B00598HKTC,2025-07-21
B00598HKTC,2025-08-18
B00598HKTC,2025-09-15
B00598HKTC,2025-10-13
B00598HKTC,2025-11-10
B00598HKTC,2025-12-08
B00598HKTC,2026-01-05
B00598HKTC,2026-02-02
B00598HKTC,2026-03-02
B008QZGAMI,2025-04-28
B008QZGAMI,2025-05-26
B008QZGAMI,2025-06-23
B008QZGAMI,2025-07-21
B008QZGAMI,2025-08-18
B008QZGAMI,2025-09-15
B008QZGAMI,2025-10-13
B008QZGAMI,2025-11-10
B008QZGAMI,2025-12-08
B008QZGAMI,2026-01-05
B008QZGAMI,2026-02-02
B008QZGAMI,2026-03-02
B00HI173WW,2025-04-28
B00HI173WW,2025-05-26
B00HI173WW,2025-06-23
B00HI173WW,2025-07-21
B00HI173WW,2025-08-18
B00HI173WW,2025-09-15
B00HI173WW,2025-10-13
B00HI173WW,2025-11-10
B00HI173WW,2025-12-08
B00HI173WW,2026-01-05
B00HI173WW,2026-02-02
B00HI173WW,2026-03-02
B018IVLXX0,2025-04-28
B018IVLXX0,2025-05-26
B018IVLXX0,2025-06-23
B018IVLXX0,2025-07-21
B018IVLXX0,2025-08-18
B018IVLXX0,2025-09-15
B018IVLXX0,2025-10-13
B018IVLXX0,2025-11-10
B018IVLXX0,2025-12-08
B018IVLXX0,2026-01-05
B018IVLXX0,2026-02-02
B018IVLXX0,2026-03-02
B01FYCEQPI,2025-04-28
B01FYCEQPI,2025-05-26
B01FYCEQPI,2025-06-23
B01FYCEQPI,2025-07-21
B01FYCEQPI,2025-08-18
B01FYCEQPI,2025-09-15
B01FYCEQPI,2025-10-13
B01FYCEQPI,2025-11-10
B01FYCEQPI,2025-12-08
B01FYCEQPI,2026-01-05
B01FYCEQPI,2026-02-02
B01FYCEQPI,2026-03-02
B01FYCERVQ,2025-04-28
B01FYCERVQ,2025-05-26
B01FYCERVQ,2025-06-23
B01FYCERVQ,2025-07-21
B01FYCERVQ,2025-08-18
B01FYCERVQ,2025-09-15
B01FYCERVQ,2025-10-13
B01FYCERVQ,2025-11-10
B01FYCERVQ,2025-12-08
B01FYCERVQ,2026-01-05
B01FYCERVQ,2026-02-02
B01FYCERVQ,2026-03-02
B01FYCEWPM,2025-04-28
B01FYCEWPM,2025-05-26
B01FYCEWPM,2025-06-23
B01FYCEWPM,2025-07-21
B01FYCEWPM,2025-08-18
B01FYCEWPM,2025-09-15
B01FYCEWPM,2025-10-13
B01FYCEWPM,2025-11-10
B01FYCEWPM,2025-12-08
B01FYCEWPM,2026-01-05
B01FYCEWPM,2026-02-02
B01FYCEWPM,2026-03-02
B01H7UFKPK,2025-04-28
B01H7UFKPK,2025-05-26
B01H7UFKPK,2025-06-23
B01H7UFKPK,2025-07-21
B01H7UFKPK,2025-08-18
B01H7UFKPK,2025-09-15
B01H7UFKPK,2025-10-13
B01H7UFKPK,2025-11-10
B01H7UFKPK,2025-12-08
B01H7UFKPK,2026-01-05
B01H7UFKPK,2026-02-02
B01H7UFKPK,2026-03-02
B01LX27QR7,2025-04-28
B01LX27QR7,2025-05-26
B01LX27QR7,2025-06-23
B01LX27QR7,2025-07-21
B01LX27QR7,2025-08-18
B01LX27QR7,2025-09-15
B01LX27QR7,2025-10-13
B01LX27QR7,2025-11-10
B01LX27QR7,2025-12-08
B01LX27QR7,2026-01-05
B01LX27QR7,2026-02-02
B01LX27QR7,2026-03-02
B01LXJJOI1,2025-04-28
B01LXJJOI1,2025-05-26
B01LXJJOI1,2025-06-23
B01LXJJOI1,2025-07-21
B01LXJJOI1,2025-08-18
B01LXJJOI1,2025-09-15
B01LXJJOI1,2025-10-13
B01LXJJOI1,2025-11-10
B01LXJJOI1,2025-12-08
B01LXJJOI1,2026-01-05
B01LXJJOI1,2026-02-02
B01LXJJOI1,2026-03-02
B01LZC7WC8,2025-04-28
B01LZC7WC8,2025-05-26
B01LZC7WC8,2025-06-23
B01LZC7WC8,2025-07-21
B01LZC7WC8,2025-08-18
B01LZC7WC8,2025-09-15
B01LZC7WC8,2025-10-13
B01LZC7WC8,2025-11-10
B01LZC7WC8,2025-12-08
B01LZC7WC8,2026-01-05
B01LZC7WC8,2026-02-02
B01LZC7WC8,2026-03-02
B01M0YKZD3,2025-04-28
B01M0YKZD3,2025-05-26
B01M0YKZD3,2025-06-23
B01M0YKZD3,2025-07-21
B01M0YKZD3,2025-08-18
B01M0YKZD3,2025-09-15
B01M0YKZD3,2025-10-13
B01M0YKZD3,2025-11-10
B01M0YKZD3,2025-12-08
B01M0YKZD3,2026-01-05
B01M0YKZD3,2026-02-02
B01M0YKZD3,2026-03-02
B01MZY84V1,2025-04-28
B01MZY84V1,2025-05-26
B01MZY84V1,2025-06-23
B01MZY84V1,2025-07-21
B01MZY84V1,2025-08-18
B01MZY84V1,2025-09-15
B01MZY84V1,2025-10-13
B01MZY84V1,2025-11-10
B01MZY84V1,2025-12-08
B01MZY84V1,2026-01-05
B01MZY84V1,2026-02-02
B01MZY84V1,2026-03-02
B06X9ZDN1W,2025-04-28
B06X9ZDN1W,2025-05-26
B06X9ZDN1W,2025-06-23
B06X9ZDN1W,2025-07-21
B06X9ZDN1W,2025-08-18
B06X9ZDN1W,2025-09-15
B06X9ZDN1W,2025-10-13
B06X9ZDN1W,2025-11-10
B06X9ZDN1W,2025-12-08
B06X9ZDN1W,2026-01-05
B06X9ZDN1W,2026-02-02
B06X9ZDN1W,2026-03-02
B06XB9GWR7,2025-04-28
B06XB9GWR7,2025-05-26
B06XB9GWR7,2025-06-23
B06XB9GWR7,2025-07-21
B06XB9GWR7,2025-08-18
B06XB9GWR7,2025-09-15
B06XB9GWR7,2025-10-13
B06XB9GWR7,2025-11-10
B06XB9GWR7,2025-12-08
B06XB9GWR7,2026-01-05
B06XB9GWR7,2026-02-02
B06XB9GWR7,2026-03-02
B06ZYKXKDZ,2025-04-28
B06ZYKXKDZ,2025-05-26
B06ZYKXKDZ,2025-06-23
B06ZYKXKDZ,2025-07-21
B06ZYKXKDZ,2025-08-18
B06ZYKXKDZ,2025-09-15
B06ZYKXKDZ,2025-10-13
B06ZYKXKDZ,2025-11-10
B06ZYKXKDZ,2025-12-08
B06ZYKXKDZ,2026-01-05
B06ZYKXKDZ,2026-02-02
B06ZYKXKDZ,2026-03-02
B07141VX92,2025-04-28
B07141VX92,2025-05-26
B07141VX92,2025-06-23
B07141VX92,2025-07-21
B07141VX92,2025-08-18
B07141VX92,2025-09-15
B07141VX92,2025-10-13
B07141VX92,2025-11-10
B07141VX92,2025-12-08
B07141VX92,2026-01-05
B07141VX92,2026-02-02
B07141VX92,2026-03-02
B071GQT5GG,2025-04-28
B071GQT5GG,2025-05-26
B071GQT5GG,2025-06-23
B071GQT5GG,2025-07-21
B071GQT5GG,2025-08-18
B071GQT5GG,2025-09-15
B071GQT5GG,2025-10-13
B071GQT5GG,2025-11-10
B071GQT5GG,2025-12-08
B071GQT5GG,2026-01-05
B071GQT5GG,2026-02-02
B071GQT5GG,2026-03-02
B071X8WGGK,2025-04-28
B071X8WGGK,2025-05-26
B071X8WGGK,2025-06-23
B071X8WGGK,2025-07-21
B071X8WGGK,2025-08-18
B071X8WGGK,2025-09-15
B071X8WGGK,2025-10-13
B071X8WGGK,2025-11-10
B071X8WGGK,2025-12-08
B071X8WGGK,2026-01-05
B071X8WGGK,2026-02-02
B071X8WGGK,2026-03-02
B071Y6DLVJ,2025-04-28
B071Y6DLVJ,2025-05-26
B071Y6DLVJ,2025-06-23
B071Y6DLVJ,2025-07-21
B071Y6DLVJ,2025-08-18
B071Y6DLVJ,2025-09-15
B071Y6DLVJ,2025-10-13
B071Y6DLVJ,2025-11-10
B071Y6DLVJ,2025-12-08
B071Y6DLVJ,2026-01-05
B071Y6DLVJ,2026-02-02
B071Y6DLVJ,2026-03-02
B072KKBJ6F,2025-04-28
B072KKBJ6F,2025-05-26
B072KKBJ6F,2025-06-23
B072KKBJ6F,2025-07-21
B072KKBJ6F,2025-08-18
B072KKBJ6F,2025-09-15
B072KKBJ6F,2025-10-13
B072KKBJ6F,2025-11-10
B072KKBJ6F,2025-12-08
B072KKBJ6F,2026-01-05
B072KKBJ6F,2026-02-02
B072KKBJ6F,2026-03-02
B072N55PKY,2025-04-28
B072N55PKY,2025-05-26
B072N55PKY,2025-06-23
B072N55PKY,2025-07-21
B072N55PKY,2025-08-18
B072N55PKY,2025-09-15
B072N55PKY,2025-10-13
B072N55PKY,2025-11-10
B072N55PKY,2025-12-08
B072N55PKY,2026-01-05
B072N55PKY,2026-02-02
B072N55PKY,2026-03-02
B0735JHHMT,2025-04-28
B0735JHHMT,2025-05-26
B0735JHHMT,2025-06-23
B0735JHHMT,2025-07-21
B0735JHHMT,2025-08-18
B0735JHHMT,2025-09-15
B0735JHHMT,2025-10-13
B0735JHHMT,2025-11-10
B0735JHHMT,2025-12-08
B0735JHHMT,2026-01-05
B0735JHHMT,2026-02-02
B0735JHHMT,2026-03-02
B0735M2BTG,2025-04-28
B0735M2BTG,2025-05-26
B0735M2BTG,2025-06-23
B0735M2BTG,2025-07-21
B0735M2BTG,2025-08-18
B0735M2BTG,2025-09-15
B0735M2BTG,2025-10-13
B0735M2BTG,2025-11-10
B0735M2BTG,2025-12-08
B0735M2BTG,2026-01-05
B0735M2BTG,2026-02-02
B0735M2BTG,2026-03-02
B073T49S6Z,2025-04-28
B073T49S6Z,2025-05-26
B073T49S6Z,2025-06-23
B073T49S6Z,2025-07-21
B073T49S6Z,2025-08-18
B073T49S6Z,2025-09-15
B073T49S6Z,2025-10-13
B073T49S6Z,2025-11-10
B073T49S6Z,2025-12-08
B073T49S6Z,2026-01-05
B073T49S6Z,2026-02-02
B073T49S6Z,2026-03-02
B07658CQG5,2025-04-28
B07658CQG5,2025-05-26
B07658CQG5,2025-06-23
B07658CQG5,2025-07-21
B07658CQG5,2025-08-18
B07658CQG5,2025-09-15
B07658CQG5,2025-10-13
B07658CQG5,2025-11-10
B07658CQG5,2025-12-08
B07658CQG5,2026-01-05
B07658CQG5,2026-02-02
B07658CQG5,2026-03-02
B078D7LVC6,2025-04-28
B078D7LVC6,2025-05-26
B078D7LVC6,2025-06-23
B078D7LVC6,2025-07-21
B078D7LVC6,2025-08-18
B078D7LVC6,2025-09-15
B078D7LVC6,2025-10-13
B078D7LVC6,2025-11-10
B078D7LVC6,2025-12-08
B078D7LVC6,2026-01-05
B078D7LVC6,2026-02-02
B078D7LVC6,2026-03-02
B07FD5P83Y,2025-04-28
B07FD5P83Y,2025-05-26
B07FD5P83Y,2025-06-23
B07FD5P83Y,2025-07-21
B07FD5P83Y,2025-08-18
B07FD5P83Y,2025-09-15
B07FD5P83Y,2025-10-13
B07FD5P83Y,2025-11-10
B07FD5P83Y,2025-12-08
B07FD5P83Y,2026-01-05
B07FD5P83Y,2026-02-02
B07FD5P83Y,2026-03-02
B07HKX1HHZ,2025-04-28
B07HKX1HHZ,2025-05-26
B07HKX1HHZ,2025-06-23
B07HKX1HHZ,2025-07-21
B07HKX1HHZ,2025-08-18
B07HKX1HHZ,2025-09-15
B07HKX1HHZ,2025-10-13
B07HKX1HHZ,2025-11-10
B07HKX1HHZ,2025-12-08
B07HKX1HHZ,2026-01-05
B07HKX1HHZ,2026-02-02
B07HKX1HHZ,2026-03-02
B07JZ3VBDT,2025-04-28
B07JZ3VBDT,2025-05-26
B07JZ3VBDT,2025-06-23
B07JZ3VBDT,2025-07-21
B07JZ3VBDT,2025-08-18
B07JZ3VBDT,2025-09-15
B07JZ3VBDT,2025-10-13
B07JZ3VBDT,2025-11-10
B07JZ3VBDT,2025-12-08
B07JZ3VBDT,2026-01-05
B07JZ3VBDT,2026-02-02
B07JZ3VBDT,2026-03-02
B07JZDZH39,2025-04-28
B07JZDZH39,2025-05-26
B07JZDZH39,2025-06-23
B07JZDZH39,2025-07-21
B07JZDZH39,2025-08-18
B07JZDZH39,2025-09-15
B07JZDZH39,2025-10-13
B07JZDZH39,2025-11-10
B07JZDZH39,2025-12-08
B07JZDZH39,2026-01-05
B07JZDZH39,2026-02-02
B07JZDZH39,2026-03-02
B07KPYQWX2,2025-04-28
B07KPYQWX2,2025-05-26
B07KPYQWX2,2025-06-23
B07KPYQWX2,2025-07-21
B07KPYQWX2,2025-08-18
B07KPYQWX2,2025-09-15
B07KPYQWX2,2025-10-13
B07KPYQWX2,2025-11-10
B07KPYQWX2,2025-12-08
B07KPYQWX2,2026-01-05
B07KPYQWX2,2026-02-02
B07KPYQWX2,2026-03-02
B07KQR4D2X,2025-04-28
B07KQR4D2X,2025-05-26
B07KQR4D2X,2025-06-23
B07KQR4D2X,2025-07-21
B07KQR4D2X,2025-08-18
B07KQR4D2X,2025-09-15
B07KQR4D2X,2025-10-13
B07KQR4D2X,2025-11-10
B07KQR4D2X,2025-12-08
B07KQR4D2X,2026-01-05
B07KQR4D2X,2026-02-02
B07KQR4D2X,2026-03-02
B07KQRD8YY,2025-04-28
B07KQRD8YY,2025-05-26
B07KQRD8YY,2025-06-23
B07KQRD8YY,2025-07-21
B07KQRD8YY,2025-08-18
B07KQRD8YY,2025-09-15
B07KQRD8YY,2025-10-13
B07KQRD8YY,2025-11-10
B07KQRD8YY,2025-12-08
B07KQRD8YY,2026-01-05
B07KQRD8YY,2026-02-02
B07KQRD8YY,2026-03-02
B07MFQTZXW,2025-04-28
B07MFQTZXW,2025-05-26
B07MFQTZXW,2025-06-23
B07MFQTZXW,2025-07-21
B07MFQTZXW,2025-08-18
B07MFQTZXW,2025-09-15
B07MFQTZXW,2025-10-13
B07MFQTZXW,2025-11-10
B07MFQTZXW,2025-12-08
B07MFQTZXW,2026-01-05
B07MFQTZXW,2026-02-02
B07MFQTZXW,2026-03-02
B07THXX561,2025-04-28
B07THXX561,2025-05-26
B07THXX561,2025-06-23
B07THXX561,2025-07-21
B07THXX561,2025-08-18
B07THXX561,2025-09-15
B07THXX561,2025-10-13
B07THXX561,2025-11-10
B07THXX561,2025-12-08
B07THXX561,2026-01-05
B07THXX561,2026-02-02
B07THXX561,2026-03-02
B07TZCN3SZ,2025-04-28
B07TZCN3SZ,2025-05-26
B07TZCN3SZ,2025-06-23
B07TZCN3SZ,2025-07-21
B07TZCN3SZ,2025-08-18
B07TZCN3SZ,2025-09-15
B07TZCN3SZ,2025-10-13
B07TZCN3SZ,2025-11-10
B07TZCN3SZ,2025-12-08
B07TZCN3SZ,2026-01-05
B07TZCN3SZ,2026-02-02
B07TZCN3SZ,2026-03-02
B07VBHT29D,2025-04-28
B07VBHT29D,2025-05-26
B07VBHT29D,2025-06-23
B07VBHT29D,2025-07-21
B07VBHT29D,2025-08-18
B07VBHT29D,2025-09-15
B07VBHT29D,2025-10-13
B07VBHT29D,2025-11-10
B07VBHT29D,2025-12-08
B07VBHT29D,2026-01-05
B07VBHT29D,2026-02-02
B07VBHT29D,2026-03-02
B07XBCCPK8,2025-04-28
B07XBCCPK8,2025-05-26
B07XBCCPK8,2025-06-23
B07XBCCPK8,2025-07-21
B07XBCCPK8,2025-08-18
B07XBCCPK8,2025-09-15
B07XBCCPK8,2025-10-13
B07XBCCPK8,2025-11-10
B07XBCCPK8,2025-12-08
B07XBCCPK8,2026-01-05
B07XBCCPK8,2026-02-02
B07XBCCPK8,2026-03-02
B07Y6LXLSQ,2025-04-28
B07Y6LXLSQ,2025-05-26
B07Y6LXLSQ,2025-06-23
B07Y6LXLSQ,2025-07-21
B07Y6LXLSQ,2025-08-18
B07Y6LXLSQ,2025-09-15
B07Y6LXLSQ,2025-10-13
B07Y6LXLSQ,2025-11-10
B07Y6LXLSQ,2025-12-08
B07Y6LXLSQ,2026-01-05
B07Y6LXLSQ,2026-02-02
B07Y6LXLSQ,2026-03-02
B07Y6MYYYN,2025-04-28
B07Y6MYYYN,2025-05-26
B07Y6MYYYN,2025-06-23
B07Y6MYYYN,2025-07-21
B07Y6MYYYN,2025-08-18
B07Y6MYYYN,2025-09-15
B07Y6MYYYN,2025-10-13
B07Y6MYYYN,2025-11-10
B07Y6MYYYN,2025-12-08
B07Y6MYYYN,2026-01-05
B07Y6MYYYN,2026-02-02
B07Y6MYYYN,2026-03-02
B07ZCJD9HF,2025-04-28
B07ZCJD9HF,2025-05-26
B07ZCJD9HF,2025-06-23
B07ZCJD9HF,2025-07-21
B07ZCJD9HF,2025-08-18
B07ZCJD9HF,2025-09-15
B07ZCJD9HF,2025-10-13
B07ZCJD9HF,2025-11-10
B07ZCJD9HF,2025-12-08
B07ZCJD9HF,2026-01-05
B07ZCJD9HF,2026-02-02
B07ZCJD9HF,2026-03-02
B0894LVYH8,2025-04-28
B0894LVYH8,2025-05-26
B0894LVYH8,2025-06-23
B0894LVYH8,2025-07-21
B0894LVYH8,2025-08-18
B0894LVYH8,2025-09-15
B0894LVYH8,2025-10-13
B0894LVYH8,2025-11-10
B0894LVYH8,2025-12-08
B0894LVYH8,2026-01-05
B0894LVYH8,2026-02-02
B0894LVYH8,2026-03-02
B08BP7MHDD,2025-04-28
B08BP7MHDD,2025-05-26
B08BP7MHDD,2025-06-23
B08BP7MHDD,2025-07-21
B08BP7MHDD,2025-08-18
B08BP7MHDD,2025-09-15
B08BP7MHDD,2025-10-13
B08BP7MHDD,2025-11-10
B08BP7MHDD,2025-12-08
B08BP7MHDD,2026-01-05
B08BP7MHDD,2026-02-02
B08BP7MHDD,2026-03-02
B08CR5TBB4,2025-04-28
B08CR5TBB4,2025-05-26
B08CR5TBB4,2025-06-23
B08CR5TBB4,2025-07-21
B08CR5TBB4,2025-08-18
B08CR5TBB4,2025-09-15
B08CR5TBB4,2025-10-13
B08CR5TBB4,2025-11-10
B08CR5TBB4,2025-12-08
B08CR5TBB4,2026-01-05
B08CR5TBB4,2026-02-02
B08CR5TBB4,2026-03-02
B08CSJQ4P8,2025-04-28
B08CSJQ4P8,2025-05-26
B08CSJQ4P8,2025-06-23
B08CSJQ4P8,2025-07-21
B08CSJQ4P8,2025-08-18
B08CSJQ4P8,2025-09-15
B08CSJQ4P8,2025-10-13
B08CSJQ4P8,2025-11-10
B08CSJQ4P8,2025-12-08
B08CSJQ4P8,2026-01-05
B08CSJQ4P8,2026-02-02
B08CSJQ4P8,2026-03-02
B08FF3GQ2K,2025-04-28
B08FF3GQ2K,2025-05-26
B08FF3GQ2K,2025-06-23
B08FF3GQ2K,2025-07-21
B08FF3GQ2K,2025-08-18
B08FF3GQ2K,2025-09-15
B08FF3GQ2K,2025-10-13
B08FF3GQ2K,2025-11-10
B08FF3GQ2K,2025-12-08
B08FF3GQ2K,2026-01-05
B08FF3GQ2K,2026-02-02
B08FF3GQ2K,2026-03-02
B08FVFVHCK,2025-04-28
B08FVFVHCK,2025-05-26
B08FVFVHCK,2025-06-23
B08FVFVHCK,2025-07-21
B08FVFVHCK,2025-08-18
B08FVFVHCK,2025-09-15
B08FVFVHCK,2025-10-13
B08FVFVHCK,2025-11-10
B08FVFVHCK,2025-12-08
B08FVFVHCK,2026-01-05
B08FVFVHCK,2026-02-02
B08FVFVHCK,2026-03-02
B08KSHF97S,2025-04-28
B08KSHF97S,2025-05-26
B08KSHF97S,2025-06-23
B08KSHF97S,2025-07-21
B08KSHF97S,2025-08-18
B08KSHF97S,2025-09-15
B08KSHF97S,2025-10-13
B08KSHF97S,2025-11-10
B08KSHF97S,2025-12-08
B08KSHF97S,2026-01-05
B08KSHF97S,2026-02-02
B08KSHF97S,2026-03-02
B08KTQJS16,2025-04-28
B08KTQJS16,2025-05-26
B08KTQJS16,2025-06-23
B08KTQJS16,2025-07-21
B08KTQJS16,2025-08-18
B08KTQJS16,2025-09-15
B08KTQJS16,2025-10-13
B08KTQJS16,2025-11-10
B08KTQJS16,2025-12-08
B08KTQJS16,2026-01-05
B08KTQJS16,2026-02-02
B08KTQJS16,2026-03-02
B08LDJRYJG,2025-04-28
B08LDJRYJG,2025-05-26
B08LDJRYJG,2025-06-23
B08LDJRYJG,2025-07-21
B08LDJRYJG,2025-08-18
B08LDJRYJG,2025-09-15
B08LDJRYJG,2025-10-13
B08LDJRYJG,2025-11-10
B08LDJRYJG,2025-12-08
B08LDJRYJG,2026-01-05
B08LDJRYJG,2026-02-02
B08LDJRYJG,2026-03-02
B08LDKQL54,2025-04-28
B08LDKQL54,2025-05-26
B08LDKQL54,2025-06-23
B08LDKQL54,2025-07-21
B08LDKQL54,2025-08-18
B08LDKQL54,2025-09-15
B08LDKQL54,2025-10-13
B08LDKQL54,2025-11-10
B08LDKQL54,2025-12-08
B08LDKQL54,2026-01-05
B08LDKQL54,2026-02-02
B08LDKQL54,2026-03-02
B08M43PR9S,2025-04-28
B08M43PR9S,2025-05-26
B08M43PR9S,2025-06-23
B08M43PR9S,2025-07-21
B08M43PR9S,2025-08-18
B08M43PR9S,2025-09-15
B08M43PR9S,2025-10-13
B08M43PR9S,2025-11-10
B08M43PR9S,2025-12-08
B08M43PR9S,2026-01-05
B08M43PR9S,2026-02-02
B08M43PR9S,2026-03-02
B08MHQ3WCD,2025-04-28
B08MHQ3WCD,2025-05-26
B08MHQ3WCD,2025-06-23
B08MHQ3WCD,2025-07-21
B08MHQ3WCD,2025-08-18
B08MHQ3WCD,2025-09-15
B08MHQ3WCD,2025-10-13
B08MHQ3WCD,2025-11-10
B08MHQ3WCD,2025-12-08
B08MHQ3WCD,2026-01-05
B08MHQ3WCD,2026-02-02
B08MHQ3WCD,2026-03-02
B08NTL1FGM,2025-04-28
B08NTL1FGM,2025-05-26
B08NTL1FGM,2025-06-23
B08NTL1FGM,2025-07-21
B08NTL1FGM,2025-08-18
B08NTL1FGM,2025-09-15
B08NTL1FGM,2025-10-13
B08NTL1FGM,2025-11-10
B08NTL1FGM,2025-12-08
B08NTL1FGM,2026-01-05
B08NTL1FGM,2026-02-02
B08NTL1FGM,2026-03-02
B08PV6QNCM,2025-04-28
B08PV6QNCM,2025-05-26
B08PV6QNCM,2025-06-23
B08PV6QNCM,2025-07-21
B08PV6QNCM,2025-08-18
B08PV6QNCM,2025-09-15
B08PV6QNCM,2025-10-13
B08PV6QNCM,2025-11-10
B08PV6QNCM,2025-12-08
B08PV6QNCM,2026-01-05
B08PV6QNCM,2026-02-02
B08PV6QNCM,2026-03-02
B08R86TCY4,2025-04-28
B08R86TCY4,2025-05-26
B08R86TCY4,2025-06-23
B08R86TCY4,2025-07-21
B08R86TCY4,2025-08-18
B08R86TCY4,2025-09-15
B08R86TCY4,2025-10-13
B08R86TCY4,2025-11-10
B08R86TCY4,2025-12-08
B08R86TCY4,2026-01-05
B08R86TCY4,2026-02-02
B08R86TCY4,2026-03-02
B08RBLBMH7,2025-04-28
B08RBLBMH7,2025-05-26
B08RBLBMH7,2025-06-23
B08RBLBMH7,2025-07-21
B08RBLBMH7,2025-08-18
B08RBLBMH7,2025-09-15
B08RBLBMH7,2025-10-13
B08RBLBMH7,2025-11-10
B08RBLBMH7,2025-12-08
B08RBLBMH7,2026-01-05
B08RBLBMH7,2026-02-02
B08RBLBMH7,2026-03-02
B08SQLG2GJ,2025-04-28
B08SQLG2GJ,2025-05-26
B08SQLG2GJ,2025-06-23
B08SQLG2GJ,2025-07-21
B08SQLG2GJ,2025-08-18
B08SQLG2GJ,2025-09-15
B08SQLG2GJ,2025-10-13
B08SQLG2GJ,2025-11-10
B08SQLG2GJ,2025-12-08
B08SQLG2GJ,2026-01-05
B08SQLG2GJ,2026-02-02
B08SQLG2GJ,2026-03-02
B091GTM6HY,2025-04-28
B091GTM6HY,2025-05-26
B091GTM6HY,2025-06-23
B091GTM6HY,2025-07-21
B091GTM6HY,2025-08-18
B091GTM6HY,2025-09-15
B091GTM6HY,2025-10-13
B091GTM6HY,2025-11-10
B091GTM6HY,2025-12-08
B091GTM6HY,2026-01-05
B091GTM6HY,2026-02-02
B091GTM6HY,2026-03-02
B091GV9M9S,2025-04-28
B091GV9M9S,2025-05-26
B091GV9M9S,2025-06-23
B091GV9M9S,2025-07-21
B091GV9M9S,2025-08-18
B091GV9M9S,2025-09-15
B091GV9M9S,2025-10-13
B091GV9M9S,2025-11-10
B091GV9M9S,2025-12-08
B091GV9M9S,2026-01-05
B091GV9M9S,2026-02-02
B091GV9M9S,2026-03-02
B092212ZG1,2025-04-28
B092212ZG1,2025-05-26
B092212ZG1,2025-06-23
B092212ZG1,2025-07-21
B092212ZG1,2025-08-18
B092212ZG1,2025-09-15
B092212ZG1,2025-10-13
B092212ZG1,2025-11-10
B092212ZG1,2025-12-08
B092212ZG1,2026-01-05
B092212ZG1,2026-02-02
B092212ZG1,2026-03-02
B092ZPLHJ5,2025-04-28
B092ZPLHJ5,2025-05-26
B092ZPLHJ5,2025-06-23
B092ZPLHJ5,2025-07-21
B092ZPLHJ5,2025-08-18
B092ZPLHJ5,2025-09-15
B092ZPLHJ5,2025-10-13
B092ZPLHJ5,2025-11-10
B092ZPLHJ5,2025-12-08
B092ZPLHJ5,2026-01-05
B092ZPLHJ5,2026-02-02
B092ZPLHJ5,2026-03-02
B092ZRLN1C,2025-04-28
B092ZRLN1C,2025-05-26
B092ZRLN1C,2025-06-23
B092ZRLN1C,2025-07-21
B092ZRLN1C,2025-08-18
B092ZRLN1C,2025-09-15
B092ZRLN1C,2025-10-13
B092ZRLN1C,2025-11-10
B092ZRLN1C,2025-12-08
B092ZRLN1C,2026-01-05
B092ZRLN1C,2026-02-02
B092ZRLN1C,2026-03-02
B095P889WH,2025-04-28
B095P889WH,2025-05-26
B095P889WH,2025-06-23
B095P889WH,2025-07-21
B095P889WH,2025-08-18
B095P889WH,2025-09-15
B095P889WH,2025-10-13
B095P889WH,2025-11-10
B095P889WH,2025-12-08
B095P889WH,2026-01-05
B095P889WH,2026-02-02
B095P889WH,2026-03-02
B0987K56L8,2025-04-28
B0987K56L8,2025-05-26
B0987K56L8,2025-06-23
B0987K56L8,2025-07-21
B0987K56L8,2025-08-18
B0987K56L8,2025-09-15
B0987K56L8,2025-10-13
B0987K56L8,2025-11-10
B0987K56L8,2025-12-08
B0987K56L8,2026-01-05
B0987K56L8,2026-02-02
B0987K56L8,2026-03-02
B098R9DWHM,2025-04-28
B098R9DWHM,2025-05-26
B098R9DWHM,2025-06-23
B098R9DWHM,2025-07-21
B098R9DWHM,2025-08-18
B098R9DWHM,2025-09-15
B098R9DWHM,2025-10-13
B098R9DWHM,2025-11-10
B098R9DWHM,2025-12-08
B098R9DWHM,2026-01-05
B098R9DWHM,2026-02-02
B098R9DWHM,2026-03-02
B09B8NH6MG,2025-04-28
B09B8NH6MG,2025-05-26
B09B8NH6MG,2025-06-23
B09B8NH6MG,2025-07-21
B09B8NH6MG,2025-08-18
B09B8NH6MG,2025-09-15
B09B8NH6MG,2025-10-13
B09B8NH6MG,2025-11-10
B09B8NH6MG,2025-12-08
B09B8NH6MG,2026-01-05
B09B8NH6MG,2026-02-02
B09B8NH6MG,2026-03-02
B09B94T13F,2025-04-28
B09B94T13F,2025-05-26
B09B94T13F,2025-06-23
B09B94T13F,2025-07-21
B09B94T13F,2025-08-18
B09B94T13F,2025-09-15
B09B94T13F,2025-10-13
B09B94T13F,2025-11-10
B09B94T13F,2025-12-08
B09B94T13F,2026-01-05
B09B94T13F,2026-02-02
B09B94T13F,2026-03-02
B09B96L9WV,2025-04-28
B09B96L9WV,2025-05-26
B09B96L9WV,2025-06-23
B09B96L9WV,2025-07-21
B09B96L9WV,2025-08-18
B09B96L9WV,2025-09-15
B09B96L9WV,2025-10-13
B09B96L9WV,2025-11-10
B09B96L9WV,2025-12-08
B09B96L9WV,2026-01-05
B09B96L9WV,2026-02-02
B09B96L9WV,2026-03-02
B09DVFTLKG,2025-04-28
B09DVFTLKG,2025-05-26
B09DVFTLKG,2025-06-23
B09DVFTLKG,2025-07-21
B09DVFTLKG,2025-08-18
B09DVFTLKG,2025-09-15
B09DVFTLKG,2025-10-13
B09DVFTLKG,2025-11-10
B09DVFTLKG,2025-12-08
B09DVFTLKG,2026-01-05
B09DVFTLKG,2026-02-02
B09DVFTLKG,2026-03-02
B09DVGDP48,2025-04-28
B09DVGDP48,2025-05-26
B09DVGDP48,2025-06-23
B09DVGDP48,2025-07-21
B09DVGDP48,2025-08-18
B09DVGDP48,2025-09-15
B09DVGDP48,2025-10-13
B09DVGDP48,2025-11-10
B09DVGDP48,2025-12-08
B09DVGDP48,2026-01-05
B09DVGDP48,2026-02-02
B09DVGDP48,2026-03-02
B09FJXR817,2025-04-28
B09FJXR817,2025-05-26
B09FJXR817,2025-06-23
B09FJXR817,2025-07-21
B09FJXR817,2025-08-18
B09FJXR817,2025-09-15
B09FJXR817,2025-10-13
B09FJXR817,2025-11-10
B09FJXR817,2025-12-08
B09FJXR817,2026-01-05
B09FJXR817,2026-02-02
B09FJXR817,2026-03-02
B09JLPQ175,2025-04-28
B09JLPQ175,2025-05-26
B09JLPQ175,2025-06-23
B09JLPQ175,2025-07-21
B09JLPQ175,2025-08-18
B09JLPQ175,2025-09-15
B09JLPQ175,2025-10-13
B09JLPQ175,2025-11-10
B09JLPQ175,2025-12-08
B09JLPQ175,2026-01-05
B09JLPQ175,2026-02-02
B09JLPQ175,2026-03-02
B09KNBQD3G,2025-04-28
B09KNBQD3G,2025-05-26
B09KNBQD3G,2025-06-23
B09KNBQD3G,2025-07-21
B09KNBQD3G,2025-08-18
B09KNBQD3G,2025-09-15
B09KNBQD3G,2025-10-13
B09KNBQD3G,2025-11-10
B09KNBQD3G,2025-12-08
B09KNBQD3G,2026-01-05
B09KNBQD3G,2026-02-02
B09KNBQD3G,2026-03-02
B09MJRJFXW,2025-04-28
B09MJRJFXW,2025-05-26
B09MJRJFXW,2025-06-23
B09MJRJFXW,2025-07-21
B09MJRJFXW,2025-08-18
B09MJRJFXW,2025-09-15
B09MJRJFXW,2025-10-13
B09MJRJFXW,2025-11-10
B09MJRJFXW,2025-12-08
B09MJRJFXW,2026-01-05
B09MJRJFXW,2026-02-02
B09MJRJFXW,2026-03-02
B09QP1LXD7,2025-04-28
B09QP1LXD7,2025-05-26
B09QP1LXD7,2025-06-23
B09QP1LXD7,2025-07-21
B09QP1LXD7,2025-08-18
B09QP1LXD7,2025-09-15
B09QP1LXD7,2025-10-13
B09QP1LXD7,2025-11-10
B09QP1LXD7,2025-12-08
B09QP1LXD7,2026-01-05
B09QP1LXD7,2026-02-02
B09QP1LXD7,2026-03-02
B09V2R4DFW,2025-04-28
B09V2R4DFW,2025-05-26
B09V2R4DFW,2025-06-23
B09V2R4DFW,2025-07-21
B09V2R4DFW,2025-08-18
B09V2R4DFW,2025-09-15
B09V2R4DFW,2025-10-13
B09V2R4DFW,2025-11-10
B09V2R4DFW,2025-12-08
B09V2R4DFW,2026-01-05
B09V2R4DFW,2026-02-02
B09V2R4DFW,2026-03-02
B09Z1Z3Z8F,2025-04-28
B09Z1Z3Z8F,2025-05-26
B09Z1Z3Z8F,2025-06-23
B09Z1Z3Z8F,2025-07-21
B09Z1Z3Z8F,2025-08-18
B09Z1Z3Z8F,2025-09-15
B09Z1Z3Z8F,2025-10-13
B09Z1Z3Z8F,2025-11-10
B09Z1Z3Z8F,2025-12-08
B09Z1Z3Z8F,2026-01-05
B09Z1Z3Z8F,2026-02-02
B09Z1Z3Z8F,2026-03-02
B09Z21497W,2025-04-28
B09Z21497W,2025-05-26
B09Z21497W,2025-06-23
B09Z21497W,2025-07-21
B09Z21497W,2025-08-18
B09Z21497W,2025-09-15
B09Z21497W,2025-10-13
B09Z21497W,2025-11-10
B09Z21497W,2025-12-08
B09Z21497W,2026-01-05
B09Z21497W,2026-02-02
B09Z21497W,2026-03-02
B09ZDBNXF9,2025-04-28
B09ZDBNXF9,2025-05-26
B09ZDBNXF9,2025-06-23
B09ZDBNXF9,2025-07-21
B09ZDBNXF9,2025-08-18
B09ZDBNXF9,2025-09-15
B09ZDBNXF9,2025-10-13
B09ZDBNXF9,2025-11-10
B09ZDBNXF9,2025-12-08
B09ZDBNXF9,2026-01-05
B09ZDBNXF9,2026-02-02
B09ZDBNXF9,2026-03-02
B0B1Z9PH71,2025-04-28
B0B1Z9PH71,2025-05-26
B0B1Z9PH71,2025-06-23
B0B1Z9PH71,2025-07-21
B0B1Z9PH71,2025-08-18
B0B1Z9PH71,2025-09-15
B0B1Z9PH71,2025-10-13
B0B1Z9PH71,2025-11-10
B0B1Z9PH71,2025-12-08
B0B1Z9PH71,2026-01-05
B0B1Z9PH71,2026-02-02
B0B1Z9PH71,2026-03-02
B0B1ZBGMJR,2025-04-28
B0B1ZBGMJR,2025-05-26
B0B1ZBGMJR,2025-06-23
B0B1ZBGMJR,2025-07-21
B0B1ZBGMJR,2025-08-18
B0B1ZBGMJR,2025-09-15
B0B1ZBGMJR,2025-10-13
B0B1ZBGMJR,2025-11-10
B0B1ZBGMJR,2025-12-08
B0B1ZBGMJR,2026-01-05
B0B1ZBGMJR,2026-02-02
B0B1ZBGMJR,2026-03-02
B0B1ZBNSDR,2025-04-28
B0B1ZBNSDR,2025-05-26
B0B1ZBNSDR,2025-06-23
B0B1ZBNSDR,2025-07-21
B0B1ZBNSDR,2025-08-18
B0B1ZBNSDR,2025-09-15
B0B1ZBNSDR,2025-10-13
B0B1ZBNSDR,2025-11-10
B0B1ZBNSDR,2025-12-08
B0B1ZBNSDR,2026-01-05
B0B1ZBNSDR,2026-02-02
B0B1ZBNSDR,2026-03-02
B0B2LMMJC1,2025-04-28
B0B2LMMJC1,2025-05-26
B0B2LMMJC1,2025-06-23
B0B2LMMJC1,2025-07-21
B0B2LMMJC1,2025-08-18
B0B2LMMJC1,2025-09-15
B0B2LMMJC1,2025-10-13
B0B2LMMJC1,2025-11-10
B0B2LMMJC1,2025-12-08
B0B2LMMJC1,2026-01-05
B0B2LMMJC1,2026-02-02
B0B2LMMJC1,2026-03-02
B0B2P916PC,2025-04-28
B0B2P916PC,2025-05-26
B0B2P916PC,2025-06-23
B0B2P916PC,2025-07-21
B0B2P916PC,2025-08-18
B0B2P916PC,2025-09-15
B0B2P916PC,2025-10-13
B0B2P916PC,2025-11-10
B0B2P916PC,2025-12-08
B0B2P916PC,2026-01-05
B0B2P916PC,2026-02-02
B0B2P916PC,2026-03-02
B0B49RPYYX,2025-04-28
B0B49RPYYX,2025-05-26
B0B49RPYYX,2025-06-23
B0B49RPYYX,2025-07-21
B0B49RPYYX,2025-08-18
B0B49RPYYX,2025-09-15
B0B49RPYYX,2025-10-13
B0B49RPYYX,2025-11-10
B0B49RPYYX,2025-12-08
B0B49RPYYX,2026-01-05
B0B49RPYYX,2026-02-02
B0B49RPYYX,2026-03-02
B0B61WBJVY,2025-04-28
B0B61WBJVY,2025-05-26
B0B61WBJVY,2025-06-23
B0B61WBJVY,2025-07-21
B0B61WBJVY,2025-08-18
B0B61WBJVY,2025-09-15
B0B61WBJVY,2025-10-13
B0B61WBJVY,2025-11-10
B0B61WBJVY,2025-12-08
B0B61WBJVY,2026-01-05
B0B61WBJVY,2026-02-02
B0B61WBJVY,2026-03-02
B0B6JMW3J3,2025-04-28
B0B6JMW3J3,2025-05-26
B0B6JMW3J3,2025-06-23
B0B6JMW3J3,2025-07-21
B0B6JMW3J3,2025-08-18
B0B6JMW3J3,2025-09-15
B0B6JMW3J3,2025-10-13
B0B6JMW3J3,2025-11-10
B0B6JMW3J3,2025-12-08
B0B6JMW3J3,2026-01-05
B0B6JMW3J3,2026-02-02
B0B6JMW3J3,2026-03-02
B0B6PXM3W4,2025-04-28
B0B6PXM3W4,2025-05-26
B0B6PXM3W4,2025-06-23
B0B6PXM3W4,2025-07-21
B0B6PXM3W4,2025-08-18
B0B6PXM3W4,2025-09-15
B0B6PXM3W4,2025-10-13
B0B6PXM3W4,2025-11-10
B0B6PXM3W4,2025-12-08
B0B6PXM3W4,2026-01-05
B0B6PXM3W4,2026-02-02
B0B6PXM3W4,2026-03-02
B0B7CZ6YSX,2025-04-28
B0B7CZ6YSX,2025-05-26
B0B7CZ6YSX,2025-06-23
B0B7CZ6YSX,2025-07-21
B0B7CZ6YSX,2025-08-18
B0B7CZ6YSX,2025-09-15
B0B7CZ6YSX,2025-10-13
B0B7CZ6YSX,2025-11-10
B0B7CZ6YSX,2025-12-08
B0B7CZ6YSX,2026-01-05
B0B7CZ6YSX,2026-02-02
B0B7CZ6YSX,2026-03-02
B0B9QXY5WK,2025-04-28
B0B9QXY5WK,2025-05-26
B0B9QXY5WK,2025-06-23
B0B9QXY5WK,2025-07-21
B0B9QXY5WK,2025-08-18
B0B9QXY5WK,2025-09-15
B0B9QXY5WK,2025-10-13
B0B9QXY5WK,2025-11-10
B0B9QXY5WK,2025-12-08
B0B9QXY5WK,2026-01-05
B0B9QXY5WK,2026-02-02
B0B9QXY5WK,2026-03-02
B0B9R6C9KQ,2025-04-28
B0B9R6C9KQ,2025-05-26
B0B9R6C9KQ,2025-06-23
B0B9R6C9KQ,2025-07-21
B0B9R6C9KQ,2025-08-18
B0B9R6C9KQ,2025-09-15
B0B9R6C9KQ,2025-10-13
B0B9R6C9KQ,2025-11-10
B0B9R6C9KQ,2025-12-08
B0B9R6C9KQ,2026-01-05
B0B9R6C9KQ,2026-02-02
B0B9R6C9KQ,2026-03-02
B0B9SZW5BM,2025-04-28
B0B9SZW5BM,2025-05-26
B0B9SZW5BM,2025-06-23
B0B9SZW5BM,2025-07-21
B0B9SZW5BM,2025-08-18
B0B9SZW5BM,2025-09-15
B0B9SZW5BM,2025-10-13
B0B9SZW5BM,2025-11-10
B0B9SZW5BM,2025-12-08
B0B9SZW5BM,2026-01-05
B0B9SZW5BM,2026-02-02
B0B9SZW5BM,2026-03-02
B0BB77TF3G,2025-04-28
B0BB77TF3G,2025-05-26
B0BB77TF3G,2025-06-23
B0BB77TF3G,2025-07-21
B0BB77TF3G,2025-08-18
B0BB77TF3G,2025-09-15
B0BB77TF3G,2025-10-13
B0BB77TF3G,2025-11-10
B0BB77TF3G,2025-12-08
B0BB77TF3G,2026-01-05
B0BB77TF3G,2026-02-02
B0BB77TF3G,2026-03-02
B0BBZGMW34,2025-04-28
B0BBZGMW34,2025-05-26
B0BBZGMW34,2025-06-23
B0BBZGMW34,2025-07-21
B0BBZGMW34,2025-08-18
B0BBZGMW34,2025-09-15
B0BBZGMW34,2025-10-13
B0BBZGMW34,2025-11-10
B0BBZGMW34,2025-12-08
B0BBZGMW34,2026-01-05
B0BBZGMW34,2026-02-02
B0BBZGMW34,2026-03-02
B0BHVG7R4J,2025-04-28
B0BHVG7R4J,2025-05-26
B0BHVG7R4J,2025-06-23
B0BHVG7R4J,2025-07-21
B0BHVG7R4J,2025-08-18
B0BHVG7R4J,2025-09-15
B0BHVG7R4J,2025-10-13
B0BHVG7R4J,2025-11-10
B0BHVG7R4J,2025-12-08
B0BHVG7R4J,2026-01-05
B0BHVG7R4J,2026-02-02
B0BHVG7R4J,2026-03-02
B0BKZXMSTX,2025-04-28
B0BKZXMSTX,2025-05-26
B0BKZXMSTX,2025-06-23
B0BKZXMSTX,2025-07-21
B0BKZXMSTX,2025-08-18
B0BKZXMSTX,2025-09-15
B0BKZXMSTX,2025-10-13
B0BKZXMSTX,2025-11-10
B0BKZXMSTX,2025-12-08
B0BKZXMSTX,2026-01-05
B0BKZXMSTX,2026-02-02
B0BKZXMSTX,2026-03-02
B0BQNBQ75S,2025-04-28
B0BQNBQ75S,2025-05-26
B0BQNBQ75S,2025-06-23
B0BQNBQ75S,2025-07-21
B0BQNBQ75S,2025-08-18
B0BQNBQ75S,2025-09-15
B0BQNBQ75S,2025-10-13
B0BQNBQ75S,2025-11-10
B0BQNBQ75S,2025-12-08
B0BQNBQ75S,2026-01-05
B0BQNBQ75S,2026-02-02
B0BQNBQ75S,2026-03-02
B0BR8DN13Q,2025-04-28
B0BR8DN13Q,2025-05-26
B0BR8DN13Q,2025-06-23
B0BR8DN13Q,2025-07-21
B0BR8DN13Q,2025-08-18
B0BR8DN13Q,2025-09-15
B0BR8DN13Q,2025-10-13
B0BR8DN13Q,2025-11-10
B0BR8DN13Q,2025-12-08
B0BR8DN13Q,2026-01-05
B0BR8DN13Q,2026-02-02
B0BR8DN13Q,2026-03-02
B0BS1581HP,2025-04-28
B0BS1581HP,2025-05-26
B0BS1581HP,2025-06-23
B0BS1581HP,2025-07-21
B0BS1581HP,2025-08-18
B0BS1581HP,2025-09-15
B0BS1581HP,2025-10-13
B0BS1581HP,2025-11-10
B0BS1581HP,2025-12-08
B0BS1581HP,2026-01-05
B0BS1581HP,2026-02-02
B0BS1581HP,2026-03-02
B0BS1637LH,2025-04-28
B0BS1637LH,2025-05-26
B0BS1637LH,2025-06-23
B0BS1637LH,2025-07-21
B0BS1637LH,2025-08-18
B0BS1637LH,2025-09-15
B0BS1637LH,2025-10-13
B0BS1637LH,2025-11-10
B0BS1637LH,2025-12-08
B0BS1637LH,2026-01-05
B0BS1637LH,2026-02-02
B0BS1637LH,2026-03-02
B0BV3CVWYN,2025-04-28
B0BV3CVWYN,2025-05-26
B0BV3CVWYN,2025-06-23
B0BV3CVWYN,2025-07-21
B0BV3CVWYN,2025-08-18
B0BV3CVWYN,2025-09-15
B0BV3CVWYN,2025-10-13
B0BV3CVWYN,2025-11-10
B0BV3CVWYN,2025-12-08
B0BV3CVWYN,2026-01-05
B0BV3CVWYN,2026-02-02
B0BV3CVWYN,2026-03-02
B0BXGWT33R,2025-04-28
B0BXGWT33R,2025-05-26
B0BXGWT33R,2025-06-23
B0BXGWT33R,2025-07-21
B0BXGWT33R,2025-08-18
B0BXGWT33R,2025-09-15
B0BXGWT33R,2025-10-13
B0BXGWT33R,2025-11-10
B0BXGWT33R,2025-12-08
B0BXGWT33R,2026-01-05
B0BXGWT33R,2026-02-02
B0BXGWT33R,2026-03-02
B0BXGZ8DB3,2025-04-28
B0BXGZ8DB3,2025-05-26
B0BXGZ8DB3,2025-06-23
B0BXGZ8DB3,2025-07-21
B0BXGZ8DB3,2025-08-18
B0BXGZ8DB3,2025-09-15
B0BXGZ8DB3,2025-10-13
B0BXGZ8DB3,2025-11-10
B0BXGZ8DB3,2025-12-08
B0BXGZ8DB3,2026-01-05
B0BXGZ8DB3,2026-02-02
B0BXGZ8DB3,2026-03-02
B0BXH1SZQ7,2025-04-28
B0BXH1SZQ7,2025-05-26
B0BXH1SZQ7,2025-06-23
B0BXH1SZQ7,2025-07-21
B0BXH1SZQ7,2025-08-18
B0BXH1SZQ7,2025-09-15
B0BXH1SZQ7,2025-10-13
B0BXH1SZQ7,2025-11-10
B0BXH1SZQ7,2025-12-08
B0BXH1SZQ7,2026-01-05
B0BXH1SZQ7,2026-02-02
B0BXH1SZQ7,2026-03-02
B0BXJS6R3D,2025-04-28
B0BXJS6R3D,2025-05-26
B0BXJS6R3D,2025-06-23
B0BXJS6R3D,2025-07-21
B0BXJS6R3D,2025-08-18
B0BXJS6R3D,2025-09-15
B0BXJS6R3D,2025-10-13
B0BXJS6R3D,2025-11-10
B0BXJS6R3D,2025-12-08
B0BXJS6R3D,2026-01-05
B0BXJS6R3D,2026-02-02
B0BXJS6R3D,2026-03-02
B0BYB87P58,2025-04-28
B0BYB87P58,2025-05-26
B0BYB87P58,2025-06-23
B0BYB87P58,2025-07-21
B0BYB87P58,2025-08-18
B0BYB87P58,2025-09-15
B0BYB87P58,2025-10-13
B0BYB87P58,2025-11-10
B0BYB87P58,2025-12-08
B0BYB87P58,2026-01-05
B0BYB87P58,2026-02-02
B0BYB87P58,2026-03-02
B0BYB9WP1B,2025-04-28
B0BYB9WP1B,2025-05-26
B0BYB9WP1B,2025-06-23
B0BYB9WP1B,2025-07-21
B0BYB9WP1B,2025-08-18
B0BYB9WP1B,2025-09-15
B0BYB9WP1B,2025-10-13
B0BYB9WP1B,2025-11-10
B0BYB9WP1B,2025-12-08
B0BYB9WP1B,2026-01-05
B0BYB9WP1B,2026-02-02
B0BYB9WP1B,2026-03-02
B0BYJQVQPK,2025-04-28
B0BYJQVQPK,2025-05-26
B0BYJQVQPK,2025-06-23
B0BYJQVQPK,2025-07-21
B0BYJQVQPK,2025-08-18
B0BYJQVQPK,2025-09-15
B0BYJQVQPK,2025-10-13
B0BYJQVQPK,2025-11-10
B0BYJQVQPK,2025-12-08
B0BYJQVQPK,2026-01-05
B0BYJQVQPK,2026-02-02
B0BYJQVQPK,2026-03-02
B0C1V5K2XM,2025-04-28
B0C1V5K2XM,2025-05-26
B0C1V5K2XM,2025-06-23
B0C1V5K2XM,2025-07-21
B0C1V5K2XM,2025-08-18
B0C1V5K2XM,2025-09-15
B0C1V5K2XM,2025-10-13
B0C1V5K2XM,2025-11-10
B0C1V5K2XM,2025-12-08
B0C1V5K2XM,2026-01-05
B0C1V5K2XM,2026-02-02
B0C1V5K2XM,2026-03-02
B0C1Y53YV4,2025-04-28
B0C1Y53YV4,2025-05-26
B0C1Y53YV4,2025-06-23
B0C1Y53YV4,2025-07-21
B0C1Y53YV4,2025-08-18
B0C1Y53YV4,2025-09-15
B0C1Y53YV4,2025-10-13
B0C1Y53YV4,2025-11-10
B0C1Y53YV4,2025-12-08
B0C1Y53YV4,2026-01-05
B0C1Y53YV4,2026-02-02
B0C1Y53YV4,2026-03-02
B0C2N771XX,2025-04-28
B0C2N771XX,2025-05-26
B0C2N771XX,2025-06-23
B0C2N771XX,2025-07-21
B0C2N771XX,2025-08-18
B0C2N771XX,2025-09-15
B0C2N771XX,2025-10-13
B0C2N771XX,2025-11-10
B0C2N771XX,2025-12-08
B0C2N771XX,2026-01-05
B0C2N771XX,2026-02-02
B0C2N771XX,2026-03-02
B0C36Z8FPR,2025-04-28
B0C36Z8FPR,2025-05-26
B0C36Z8FPR,2025-06-23
B0C36Z8FPR,2025-07-21
B0C36Z8FPR,2025-08-18
B0C36Z8FPR,2025-09-15
B0C36Z8FPR,2025-10-13
B0C36Z8FPR,2025-11-10
B0C36Z8FPR,2025-12-08
B0C36Z8FPR,2026-01-05
B0C36Z8FPR,2026-02-02
B0C36Z8FPR,2026-03-02
B0C36ZWSVG,2025-04-28
B0C36ZWSVG,2025-05-26
B0C36ZWSVG,2025-06-23
B0C36ZWSVG,2025-07-21
B0C36ZWSVG,2025-08-18
B0C36ZWSVG,2025-09-15
B0C36ZWSVG,2025-10-13
B0C36ZWSVG,2025-11-10
B0C36ZWSVG,2025-12-08
B0C36ZWSVG,2026-01-05
B0C36ZWSVG,2026-02-02
B0C36ZWSVG,2026-03-02
B0C3YQ24M7,2025-04-28
B0C3YQ24M7,2025-05-26
B0C3YQ24M7,2025-06-23
B0C3YQ24M7,2025-07-21
B0C3YQ24M7,2025-08-18
B0C3YQ24M7,2025-09-15
B0C3YQ24M7,2025-10-13
B0C3YQ24M7,2025-11-10
B0C3YQ24M7,2025-12-08
B0C3YQ24M7,2026-01-05
B0C3YQ24M7,2026-02-02
B0C3YQ24M7,2026-03-02
B0C59K4X1H,2025-04-28
B0C59K4X1H,2025-05-26
B0C59K4X1H,2025-06-23
B0C59K4X1H,2025-07-21
B0C59K4X1H,2025-08-18
B0C59K4X1H,2025-09-15
B0C59K4X1H,2025-10-13
B0C59K4X1H,2025-11-10
B0C59K4X1H,2025-12-08
B0C59K4X1H,2026-01-05
B0C59K4X1H,2026-02-02
B0C59K4X1H,2026-03-02
B0C5RYMJDC,2025-04-28
B0C5RYMJDC,2025-05-26
B0C5RYMJDC,2025-06-23
B0C5RYMJDC,2025-07-21
B0C5RYMJDC,2025-08-18
B0C5RYMJDC,2025-09-15
B0C5RYMJDC,2025-10-13
B0C5RYMJDC,2025-11-10
B0C5RYMJDC,2025-12-08
B0C5RYMJDC,2026-01-05
B0C5RYMJDC,2026-02-02
B0C5RYMJDC,2026-03-02
B0C6QWJV7T,2025-04-28
B0C6QWJV7T,2025-05-26
B0C6QWJV7T,2025-06-23
B0C6QWJV7T,2025-07-21
B0C6QWJV7T,2025-08-18
B0C6QWJV7T,2025-09-15
B0C6QWJV7T,2025-10-13
B0C6QWJV7T,2025-11-10
B0C6QWJV7T,2025-12-08
B0C6QWJV7T,2026-01-05
B0C6QWJV7T,2026-02-02
B0C6QWJV7T,2026-03-02
B0C6QX2KM6,2025-04-28
B0C6QX2KM6,2025-05-26
B0C6QX2KM6,2025-06-23
B0C6QX2KM6,2025-07-21
B0C6QX2KM6,2025-08-18
B0C6QX2KM6,2025-09-15
B0C6QX2KM6,2025-10-13
B0C6QX2KM6,2025-11-10
B0C6QX2KM6,2025-12-08
B0C6QX2KM6,2026-01-05
B0C6QX2KM6,2026-02-02
B0C6QX2KM6,2026-03-02
B0C6R38KL8,2025-04-28
B0C6R38KL8,2025-05-26
B0C6R38KL8,2025-06-23
B0C6R38KL8,2025-07-21
B0C6R38KL8,2025-08-18
B0C6R38KL8,2025-09-15
B0C6R38KL8,2025-10-13
B0C6R38KL8,2025-11-10
B0C6R38KL8,2025-12-08
B0C6R38KL8,2026-01-05
B0C6R38KL8,2026-02-02
B0C6R38KL8,2026-03-02
B0C6R3VWSD,2025-04-28
B0C6R3VWSD,2025-05-26
B0C6R3VWSD,2025-06-23
B0C6R3VWSD,2025-07-21
B0C6R3VWSD,2025-08-18
B0C6R3VWSD,2025-09-15
B0C6R3VWSD,2025-10-13
B0C6R3VWSD,2025-11-10
B0C6R3VWSD,2025-12-08
B0C6R3VWSD,2026-01-05
B0C6R3VWSD,2026-02-02
B0C6R3VWSD,2026-03-02
B0C6R42GC9,2025-04-28
B0C6R42GC9,2025-05-26
B0C6R42GC9,2025-06-23
B0C6R42GC9,2025-07-21
B0C6R42GC9,2025-08-18
B0C6R42GC9,2025-09-15
B0C6R42GC9,2025-10-13
B0C6R42GC9,2025-11-10
B0C6R42GC9,2025-12-08
B0C6R42GC9,2026-01-05
B0C6R42GC9,2026-02-02
B0C6R42GC9,2026-03-02
B0C6XP4MT1,2025-04-28
B0C6XP4MT1,2025-05-26
B0C6XP4MT1,2025-06-23
B0C6XP4MT1,2025-07-21
B0C6XP4MT1,2025-08-18
B0C6XP4MT1,2025-09-15
B0C6XP4MT1,2025-10-13
B0C6XP4MT1,2025-11-10
B0C6XP4MT1,2025-12-08
B0C6XP4MT1,2026-01-05
B0C6XP4MT1,2026-02-02
B0C6XP4MT1,2026-03-02
B0C6Z3LZCN,2025-04-28
B0C6Z3LZCN,2025-05-26
B0C6Z3LZCN,2025-06-23
B0C6Z3LZCN,2025-07-21
B0C6Z3LZCN,2025-08-18
B0C6Z3LZCN,2025-09-15
B0C6Z3LZCN,2025-10-13
B0C6Z3LZCN,2025-11-10
B0C6Z3LZCN,2025-12-08
B0C6Z3LZCN,2026-01-05
B0C6Z3LZCN,2026-02-02
B0C6Z3LZCN,2026-03-02
B0C6Z4JBSN,2025-04-28
B0C6Z4JBSN,2025-05-26
B0C6Z4JBSN,2025-06-23
B0C6Z4JBSN,2025-07-21
B0C6Z4JBSN,2025-08-18
B0C6Z4JBSN,2025-09-15
B0C6Z4JBSN,2025-10-13
B0C6Z4JBSN,2025-11-10
B0C6Z4JBSN,2025-12-08
B0C6Z4JBSN,2026-01-05
B0C6Z4JBSN,2026-02-02
B0C6Z4JBSN,2026-03-02
B0C8ZFGV2B,2025-04-28
B0C8ZFGV2B,2025-05-26
B0C8ZFGV2B,2025-06-23
B0C8ZFGV2B,2025-07-21
B0C8ZFGV2B,2025-08-18
B0C8ZFGV2B,2025-09-15
B0C8ZFGV2B,2025-10-13
B0C8ZFGV2B,2025-11-10
B0C8ZFGV2B,2025-12-08
B0C8ZFGV2B,2026-01-05
B0C8ZFGV2B,2026-02-02
B0C8ZFGV2B,2026-03-02
B0C8ZH9WZ4,2025-04-28
B0C8ZH9WZ4,2025-05-26
B0C8ZH9WZ4,2025-06-23
B0C8ZH9WZ4,2025-07-21
B0C8ZH9WZ4,2025-08-18
B0C8ZH9WZ4,2025-09-15
B0C8ZH9WZ4,2025-10-13
B0C8ZH9WZ4,2025-11-10
B0C8ZH9WZ4,2025-12-08
B0C8ZH9WZ4,2026-01-05
B0C8ZH9WZ4,2026-02-02
B0C8ZH9WZ4,2026-03-02
B0C8ZK2SKJ,2025-04-28
B0C8ZK2SKJ,2025-05-26
B0C8ZK2SKJ,2025-06-23
B0C8ZK2SKJ,2025-07-21
B0C8ZK2SKJ,2025-08-18
B0C8ZK2SKJ,2025-09-15
B0C8ZK2SKJ,2025-10-13
B0C8ZK2SKJ,2025-11-10
B0C8ZK2SKJ,2025-12-08
B0C8ZK2SKJ,2026-01-05
B0C8ZK2SKJ,2026-02-02
B0C8ZK2SKJ,2026-03-02
B0C8ZK3TKM,2025-04-28
B0C8ZK3TKM,2025-05-26
B0C8ZK3TKM,2025-06-23
B0C8ZK3TKM,2025-07-21
B0C8ZK3TKM,2025-08-18
B0C8ZK3TKM,2025-09-15
B0C8ZK3TKM,2025-10-13
B0C8ZK3TKM,2025-11-10
B0C8ZK3TKM,2025-12-08
B0C8ZK3TKM,2026-01-05
B0C8ZK3TKM,2026-02-02
B0C8ZK3TKM,2026-03-02
B0CCD5H2RW,2025-04-28
B0CCD5H2RW,2025-05-26
B0CCD5H2RW,2025-06-23
B0CCD5H2RW,2025-07-21
B0CCD5H2RW,2025-08-18
B0CCD5H2RW,2025-09-15
B0CCD5H2RW,2025-10-13
B0CCD5H2RW,2025-11-10
B0CCD5H2RW,2025-12-08
B0CCD5H2RW,2026-01-05
B0CCD5H2RW,2026-02-02
B0CCD5H2RW,2026-03-02
B0CH3FT94W,2025-04-28
B0CH3FT94W,2025-05-26
B0CH3FT94W,2025-06-23
B0CH3FT94W,2025-07-21
B0CH3FT94W,2025-08-18
B0CH3FT94W,2025-09-15
B0CH3FT94W,2025-10-13
B0CH3FT94W,2025-11-10
B0CH3FT94W,2025-12-08
B0CH3FT94W,2026-01-05
B0CH3FT94W,2026-02-02
B0CH3FT94W,2026-03-02
B0CHPD295S,2025-04-28
B0CHPD295S,2025-05-26
B0CHPD295S,2025-06-23
B0CHPD295S,2025-07-21
B0CHPD295S,2025-08-18
B0CHPD295S,2025-09-15
B0CHPD295S,2025-10-13
B0CHPD295S,2025-11-10
B0CHPD295S,2025-12-08
B0CHPD295S,2026-01-05
B0CHPD295S,2026-02-02
B0CHPD295S,2026-03-02
B0CHPF3ZMV,2025-04-28
B0CHPF3ZMV,2025-05-26
B0CHPF3ZMV,2025-06-23
B0CHPF3ZMV,2025-07-21
B0CHPF3ZMV,2025-08-18
B0CHPF3ZMV,2025-09-15
B0CHPF3ZMV,2025-10-13
B0CHPF3ZMV,2025-11-10
B0CHPF3ZMV,2025-12-08
B0CHPF3ZMV,2026-01-05
B0CHPF3ZMV,2026-02-02
B0CHPF3ZMV,2026-03-02
B0CJCLHHQH,2025-04-28
B0CJCLHHQH,2025-05-26
B0CJCLHHQH,2025-06-23
B0CJCLHHQH,2025-07-21
B0CJCLHHQH,2025-08-18
B0CJCLHHQH,2025-09-15
B0CJCLHHQH,2025-10-13
B0CJCLHHQH,2025-11-10
B0CJCLHHQH,2025-12-08
B0CJCLHHQH,2026-01-05
B0CJCLHHQH,2026-02-02
B0CJCLHHQH,2026-03-02
B0CJX29N3D,2025-04-28
B0CJX29N3D,2025-05-26
B0CJX29N3D,2025-06-23
B0CJX29N3D,2025-07-21
B0CJX29N3D,2025-08-18
B0CJX29N3D,2025-09-15
B0CJX29N3D,2025-10-13
B0CJX29N3D,2025-11-10
B0CJX29N3D,2025-12-08
B0CJX29N3D,2026-01-05
B0CJX29N3D,2026-02-02
B0CJX29N3D,2026-03-02
B0CJX2F2D6,2025-04-28
B0CJX2F2D6,2025-05-26
B0CJX2F2D6,2025-06-23
B0CJX2F2D6,2025-07-21
B0CJX2F2D6,2025-08-18
B0CJX2F2D6,2025-09-15
B0CJX2F2D6,2025-10-13
B0CJX2F2D6,2025-11-10
B0CJX2F2D6,2025-12-08
B0CJX2F2D6,2026-01-05
B0CJX2F2D6,2026-02-02
B0CJX2F2D6,2026-03-02
B0CJXD83RY,2025-04-28
B0CJXD83RY,2025-05-26
B0CJXD83RY,2025-06-23
B0CJXD83RY,2025-07-21
B0CJXD83RY,2025-08-18
B0CJXD83RY,2025-09-15
B0CJXD83RY,2025-10-13
B0CJXD83RY,2025-11-10
B0CJXD83RY,2025-12-08
B0CJXD83RY,2026-01-05
B0CJXD83RY,2026-02-02
B0CJXD83RY,2026-03-02
B0CMV4PWG5,2025-04-28
B0CMV4PWG5,2025-05-26
B0CMV4PWG5,2025-06-23
B0CMV4PWG5,2025-07-21
B0CMV4PWG5,2025-08-18
B0CMV4PWG5,2025-09-15
B0CMV4PWG5,2025-10-13
B0CMV4PWG5,2025-11-10
B0CMV4PWG5,2025-12-08
B0CMV4PWG5,2026-01-05
B0CMV4PWG5,2026-02-02
B0CMV4PWG5,2026-03-02
B0CMV6GGQ7,2025-04-28
B0CMV6GGQ7,2025-05-26
B0CMV6GGQ7,2025-06-23
B0CMV6GGQ7,2025-07-21
B0CMV6GGQ7,2025-08-18
B0CMV6GGQ7,2025-09-15
B0CMV6GGQ7,2025-10-13
B0CMV6GGQ7,2025-11-10
B0CMV6GGQ7,2025-12-08
B0CMV6GGQ7,2026-01-05
B0CMV6GGQ7,2026-02-02
B0CMV6GGQ7,2026-03-02
B0CMV6NJS5,2025-04-28
B0CMV6NJS5,2025-05-26
B0CMV6NJS5,2025-06-23
B0CMV6NJS5,2025-07-21
B0CMV6NJS5,2025-08-18
B0CMV6NJS5,2025-09-15
B0CMV6NJS5,2025-10-13
B0CMV6NJS5,2025-11-10
B0CMV6NJS5,2025-12-08
B0CMV6NJS5,2026-01-05
B0CMV6NJS5,2026-02-02
B0CMV6NJS5,2026-03-02
B0CMV721KD,2025-04-28
B0CMV721KD,2025-05-26
B0CMV721KD,2025-06-23
B0CMV721KD,2025-07-21
B0CMV721KD,2025-08-18
B0CMV721KD,2025-09-15
B0CMV721KD,2025-10-13
B0CMV721KD,2025-11-10
B0CMV721KD,2025-12-08
B0CMV721KD,2026-01-05
B0CMV721KD,2026-02-02
B0CMV721KD,2026-03-02
B0CMXS85HM,2025-04-28
B0CMXS85HM,2025-05-26
B0CMXS85HM,2025-06-23
B0CMXS85HM,2025-07-21
B0CMXS85HM,2025-08-18
B0CMXS85HM,2025-09-15
B0CMXS85HM,2025-10-13
B0CMXS85HM,2025-11-10
B0CMXS85HM,2025-12-08
B0CMXS85HM,2026-01-05
B0CMXS85HM,2026-02-02
B0CMXS85HM,2026-03-02
B0CMXSTJJL,2025-04-28
B0CMXSTJJL,2025-05-26
B0CMXSTJJL,2025-06-23
B0CMXSTJJL,2025-07-21
B0CMXSTJJL,2025-08-18
B0CMXSTJJL,2025-09-15
B0CMXSTJJL,2025-10-13
B0CMXSTJJL,2025-11-10
B0CMXSTJJL,2025-12-08
B0CMXSTJJL,2026-01-05
B0CMXSTJJL,2026-02-02
B0CMXSTJJL,2026-03-02
B0CMXT7GP4,2025-04-28
B0CMXT7GP4,2025-05-26
B0CMXT7GP4,2025-06-23
B0CMXT7GP4,2025-07-21
B0CMXT7GP4,2025-08-18
B0CMXT7GP4,2025-09-15
B0CMXT7GP4,2025-10-13
B0CMXT7GP4,2025-11-10
B0CMXT7GP4,2025-12-08
B0CMXT7GP4,2026-01-05
B0CMXT7GP4,2026-02-02
B0CMXT7GP4,2026-03-02
B0CMXVSLN2,2025-04-28
B0CMXVSLN2,2025-05-26
B0CMXVSLN2,2025-06-23
B0CMXVSLN2,2025-07-21
B0CMXVSLN2,2025-08-18
B0CMXVSLN2,2025-09-15
B0CMXVSLN2,2025-10-13
B0CMXVSLN2,2025-11-10
B0CMXVSLN2,2025-12-08
B0CMXVSLN2,2026-01-05
B0CMXVSLN2,2026-02-02
B0CMXVSLN2,2026-03-02
B0CN342KCR,2025-04-28
B0CN342KCR,2025-05-26
B0CN342KCR,2025-06-23
B0CN342KCR,2025-07-21
B0CN342KCR,2025-08-18
B0CN342KCR,2025-09-15
B0CN342KCR,2025-10-13
B0CN342KCR,2025-11-10
B0CN342KCR,2025-12-08
B0CN342KCR,2026-01-05
B0CN342KCR,2026-02-02
B0CN342KCR,2026-03-02
B0CN36MRD4,2025-04-28
B0CN36MRD4,2025-05-26
B0CN36MRD4,2025-06-23
B0CN36MRD4,2025-07-21
B0CN36MRD4,2025-08-18
B0CN36MRD4,2025-09-15
B0CN36MRD4,2025-10-13
B0CN36MRD4,2025-11-10
B0CN36MRD4,2025-12-08
B0CN36MRD4,2026-01-05
B0CN36MRD4,2026-02-02
B0CN36MRD4,2026-03-02
B0CP743CQ4,2025-04-28
B0CP743CQ4,2025-05-26
B0CP743CQ4,2025-06-23
B0CP743CQ4,2025-07-21
B0CP743CQ4,2025-08-18
B0CP743CQ4,2025-09-15
B0CP743CQ4,2025-10-13
B0CP743CQ4,2025-11-10
B0CP743CQ4,2025-12-08
B0CP743CQ4,2026-01-05
B0CP743CQ4,2026-02-02
B0CP743CQ4,2026-03-02
B0CQMMJWZC,2025-04-28
B0CQMMJWZC,2025-05-26
B0CQMMJWZC,2025-06-23
B0CQMMJWZC,2025-07-21
B0CQMMJWZC,2025-08-18
B0CQMMJWZC,2025-09-15
B0CQMMJWZC,2025-10-13
B0CQMMJWZC,2025-11-10
B0CQMMJWZC,2025-12-08
B0CQMMJWZC,2026-01-05
B0CQMMJWZC,2026-02-02
B0CQMMJWZC,2026-03-02
B0CRR5N7S1,2025-04-28
B0CRR5N7S1,2025-05-26
B0CRR5N7S1,2025-06-23
B0CRR5N7S1,2025-07-21
B0CRR5N7S1,2025-08-18
B0CRR5N7S1,2025-09-15
B0CRR5N7S1,2025-10-13
B0CRR5N7S1,2025-11-10
B0CRR5N7S1,2025-12-08
B0CRR5N7S1,2026-01-05
B0CRR5N7S1,2026-02-02
B0CRR5N7S1,2026-03-02
B0CT5M3LKB,2025-04-28
B0CT5M3LKB,2025-05-26
B0CT5M3LKB,2025-06-23
B0CT5M3LKB,2025-07-21
B0CT5M3LKB,2025-08-18
B0CT5M3LKB,2025-09-15
B0CT5M3LKB,2025-10-13
B0CT5M3LKB,2025-11-10
B0CT5M3LKB,2025-12-08
B0CT5M3LKB,2026-01-05
B0CT5M3LKB,2026-02-02
B0CT5M3LKB,2026-03-02
B0D3BWBTTP,2025-04-28
B0D3BWBTTP,2025-05-26
B0D3BWBTTP,2025-06-23
B0D3BWBTTP,2025-07-21
B0D3BWBTTP,2025-08-18
B0D3BWBTTP,2025-09-15
B0D3BWBTTP,2025-10-13
B0D3BWBTTP,2025-11-10
B0D3BWBTTP,2025-12-08
B0D3BWBTTP,2026-01-05
B0D3BWBTTP,2026-02-02
B0D3BWBTTP,2026-03-02
B0D3TG52X3,2025-04-28
B0D3TG52X3,2025-05-26
B0D3TG52X3,2025-06-23
B0D3TG52X3,2025-07-21
B0D3TG52X3,2025-08-18
B0D3TG52X3,2025-09-15
B0D3TG52X3,2025-10-13
B0D3TG52X3,2025-11-10
B0D3TG52X3,2025-12-08
B0D3TG52X3,2026-01-05
B0D3TG52X3,2026-02-02
B0D3TG52X3,2026-03-02
B0D4TGY3J4,2025-04-28
B0D4TGY3J4,2025-05-26
B0D4TGY3J4,2025-06-23
B0D4TGY3J4,2025-07-21
B0D4TGY3J4,2025-08-18
B0D4TGY3J4,2025-09-15
B0D4TGY3J4,2025-10-13
B0D4TGY3J4,2025-11-10
B0D4TGY3J4,2025-12-08
B0D4TGY3J4,2026-01-05
B0D4TGY3J4,2026-02-02
B0D4TGY3J4,2026-03-02
B0D4TYCTQP,2025-04-28
B0D4TYCTQP,2025-05-26
B0D4TYCTQP,2025-06-23
B0D4TYCTQP,2025-07-21
B0D4TYCTQP,2025-08-18
B0D4TYCTQP,2025-09-15
B0D4TYCTQP,2025-10-13
B0D4TYCTQP,2025-11-10
B0D4TYCTQP,2025-12-08
B0D4TYCTQP,2026-01-05
B0D4TYCTQP,2026-02-02
B0D4TYCTQP,2026-03-02
B0D54QKKF6,2025-04-28
B0D54QKKF6,2025-05-26
B0D54QKKF6,2025-06-23
B0D54QKKF6,2025-07-21
B0D54QKKF6,2025-08-18
B0D54QKKF6,2025-09-15
B0D54QKKF6,2025-10-13
B0D54QKKF6,2025-11-10
B0D54QKKF6,2025-12-08
B0D54QKKF6,2026-01-05
B0D54QKKF6,2026-02-02
B0D54QKKF6,2026-03-02
B0D5RH7PZ2,2025-04-28
B0D5RH7PZ2,2025-05-26
B0D5RH7PZ2,2025-06-23
B0D5RH7PZ2,2025-07-21
B0D5RH7PZ2,2025-08-18
B0D5RH7PZ2,2025-09-15
B0D5RH7PZ2,2025-10-13
B0D5RH7PZ2,2025-11-10
B0D5RH7PZ2,2025-12-08
B0D5RH7PZ2,2026-01-05
B0D5RH7PZ2,2026-02-02
B0D5RH7PZ2,2026-03-02
B0D6YR19F3,2025-04-28
B0D6YR19F3,2025-05-26
B0D6YR19F3,2025-06-23
B0D6YR19F3,2025-07-21
B0D6YR19F3,2025-08-18
B0D6YR19F3,2025-09-15
B0D6YR19F3,2025-10-13
B0D6YR19F3,2025-11-10
B0D6YR19F3,2025-12-08
B0D6YR19F3,2026-01-05
B0D6YR19F3,2026-02-02
B0D6YR19F3,2026-03-02
B0D7DXKJBM,2025-04-28
B0D7DXKJBM,2025-05-26
B0D7DXKJBM,2025-06-23
B0D7DXKJBM,2025-07-21
B0D7DXKJBM,2025-08-18
B0D7DXKJBM,2025-09-15
B0D7DXKJBM,2025-10-13
B0D7DXKJBM,2025-11-10
B0D7DXKJBM,2025-12-08
B0D7DXKJBM,2026-01-05
B0D7DXKJBM,2026-02-02
B0D7DXKJBM,2026-03-02
B0D83J2LQ7,2025-04-28
B0D83J2LQ7,2025-05-26
B0D83J2LQ7,2025-06-23
B0D83J2LQ7,2025-07-21
B0D83J2LQ7,2025-08-18
B0D83J2LQ7,2025-09-15
B0D83J2LQ7,2025-10-13
B0D83J2LQ7,2025-11-10
B0D83J2LQ7,2025-12-08
B0D83J2LQ7,2026-01-05
B0D83J2LQ7,2026-02-02
B0D83J2LQ7,2026-03-02
B0D8PZTG28,2025-04-28
B0D8PZTG28,2025-05-26
B0D8PZTG28,2025-06-23
B0D8PZTG28,2025-07-21
B0D8PZTG28,2025-08-18
B0D8PZTG28,2025-09-15
B0D8PZTG28,2025-10-13
B0D8PZTG28,2025-11-10
B0D8PZTG28,2025-12-08
B0D8PZTG28,2026-01-05
B0D8PZTG28,2026-02-02
B0D8PZTG28,2026-03-02
B0D8VK4L17,2025-04-28
B0D8VK4L17,2025-05-26
B0D8VK4L17,2025-06-23
B0D8VK4L17,2025-07-21
B0D8VK4L17,2025-08-18
B0D8VK4L17,2025-09-15
B0D8VK4L17,2025-10-13
B0D8VK4L17,2025-11-10
B0D8VK4L17,2025-12-08
B0D8VK4L17,2026-01-05
B0D8VK4L17,2026-02-02
B0D8VK4L17,2026-03-02
B0D9488V28,2025-04-28
B0D9488V28,2025-05-26
B0D9488V28,2025-06-23
B0D9488V28,2025-07-21
B0D9488V28,2025-08-18
B0D9488V28,2025-09-15
B0D9488V28,2025-10-13
B0D9488V28,2025-11-10
B0D9488V28,2025-12-08
B0D9488V28,2026-01-05
B0D9488V28,2026-02-02
B0D9488V28,2026-03-02
B0D9WMR5SZ,2025-04-28
B0D9WMR5SZ,2025-05-26
B0D9WMR5SZ,2025-06-23
B0D9WMR5SZ,2025-07-21
B0D9WMR5SZ,2025-08-18
B0D9WMR5SZ,2025-09-15
B0D9WMR5SZ,2025-10-13
B0D9WMR5SZ,2025-11-10
B0D9WMR5SZ,2025-12-08
B0D9WMR5SZ,2026-01-05
B0D9WMR5SZ,2026-02-02
B0D9WMR5SZ,2026-03-02
B0DBTT7J8J,2025-04-28
B0DBTT7J8J,2025-05-26
B0DBTT7J8J,2025-06-23
B0DBTT7J8J,2025-07-21
B0DBTT7J8J,2025-08-18
B0DBTT7J8J,2025-09-15
B0DBTT7J8J,2025-10-13
B0DBTT7J8J,2025-11-10
B0DBTT7J8J,2025-12-08
B0DBTT7J8J,2026-01-05
B0DBTT7J8J,2026-02-02
B0DBTT7J8J,2026-03-02
B0DBTW8NZR,2025-04-28
B0DBTW8NZR,2025-05-26
B0DBTW8NZR,2025-06-23
B0DBTW8NZR,2025-07-21
B0DBTW8NZR,2025-08-18
B0DBTW8NZR,2025-09-15
B0DBTW8NZR,2025-10-13
B0DBTW8NZR,2025-11-10
B0DBTW8NZR,2025-12-08
B0DBTW8NZR,2026-01-05
B0DBTW8NZR,2026-02-02
B0DBTW8NZR,2026-03-02
B0DFY9GWBD,2025-04-28
B0DFY9GWBD,2025-05-26
B0DFY9GWBD,2025-06-23
B0DFY9GWBD,2025-07-21
B0DFY9GWBD,2025-08-18
B0DFY9GWBD,2025-09-15
B0DFY9GWBD,2025-10-13
B0DFY9GWBD,2025-11-10
B0DFY9GWBD,2025-12-08
B0DFY9GWBD,2026-01-05
B0DFY9GWBD,2026-02-02
B0DFY9GWBD,2026-03-02
B0DGGVHY2K,2025-04-28
B0DGGVHY2K,2025-05-26
B0DGGVHY2K,2025-06-23
B0DGGVHY2K,2025-07-21
B0DGGVHY2K,2025-08-18
B0DGGVHY2K,2025-09-15
B0DGGVHY2K,2025-10-13
B0DGGVHY2K,2025-11-10
B0DGGVHY2K,2025-12-08
B0DGGVHY2K,2026-01-05
B0DGGVHY2K,2026-02-02
B0DGGVHY2K,2026-03-02
B0DHW83LV7,2025-04-28
B0DHW83LV7,2025-05-26
B0DHW83LV7,2025-06-23
B0DHW83LV7,2025-07-21
B0DHW83LV7,2025-08-18
B0DHW83LV7,2025-09-15
B0DHW83LV7,2025-10-13
B0DHW83LV7,2025-11-10
B0DHW83LV7,2025-12-08
B0DHW83LV7,2026-01-05
B0DHW83LV7,2026-02-02
B0DHW83LV7,2026-03-02
B0DHWB5X3T,2025-04-28
B0DHWB5X3T,2025-05-26
B0DHWB5X3T,2025-06-23
B0DHWB5X3T,2025-07-21
B0DHWB5X3T,2025-08-18
B0DHWB5X3T,2025-09-15
B0DHWB5X3T,2025-10-13
B0DHWB5X3T,2025-11-10
B0DHWB5X3T,2025-12-08
B0DHWB5X3T,2026-01-05
B0DHWB5X3T,2026-02-02
B0DHWB5X3T,2026-03-02
B0DJ2VVVG3,2025-04-28
B0DJ2VVVG3,2025-05-26
B0DJ2VVVG3,2025-06-23
B0DJ2VVVG3,2025-07-21
B0DJ2VVVG3,2025-08-18
B0DJ2VVVG3,2025-09-15
B0DJ2VVVG3,2025-10-13
B0DJ2VVVG3,2025-11-10
B0DJ2VVVG3,2025-12-08
B0DJ2VVVG3,2026-01-05
B0DJ2VVVG3,2026-02-02
B0DJ2VVVG3,2026-03-02
B0DJ2X47DF,2025-04-28
B0DJ2X47DF,2025-05-26
B0DJ2X47DF,2025-06-23
B0DJ2X47DF,2025-07-21
B0DJ2X47DF,2025-08-18
B0DJ2X47DF,2025-09-15
B0DJ2X47DF,2025-10-13
B0DJ2X47DF,2025-11-10
B0DJ2X47DF,2025-12-08
B0DJ2X47DF,2026-01-05
B0DJ2X47DF,2026-02-02
B0DJ2X47DF,2026-03-02
B0DJS9TFRR,2025-04-28
B0DJS9TFRR,2025-05-26
B0DJS9TFRR,2025-06-23
B0DJS9TFRR,2025-07-21
B0DJS9TFRR,2025-08-18
B0DJS9TFRR,2025-09-15
B0DJS9TFRR,2025-10-13
B0DJS9TFRR,2025-11-10
B0DJS9TFRR,2025-12-08
B0DJS9TFRR,2026-01-05
B0DJS9TFRR,2026-02-02
B0DJS9TFRR,2026-03-02
B0DKF5DJJ4,2025-04-28
B0DKF5DJJ4,2025-05-26
B0DKF5DJJ4,2025-06-23
B0DKF5DJJ4,2025-07-21
B0DKF5DJJ4,2025-08-18
B0DKF5DJJ4,2025-09-15
B0DKF5DJJ4,2025-10-13
B0DKF5DJJ4,2025-11-10
B0DKF5DJJ4,2025-12-08
B0DKF5DJJ4,2026-01-05
B0DKF5DJJ4,2026-02-02
B0DKF5DJJ4,2026-03-02
B0DKF6MF9D,2025-04-28
B0DKF6MF9D,2025-05-26
B0DKF6MF9D,2025-06-23
B0DKF6MF9D,2025-07-21
B0DKF6MF9D,2025-08-18
B0DKF6MF9D,2025-09-15
B0DKF6MF9D,2025-10-13
B0DKF6MF9D,2025-11-10
B0DKF6MF9D,2025-12-08
B0DKF6MF9D,2026-01-05
B0DKF6MF9D,2026-02-02
B0DKF6MF9D,2026-03-02
